Product Code,Product Group,PartNo,Description,Vendor,Size,Length,Height,Flange Class,Pipe Class,Manufacturer,Connection Type 1,Connection Type 2,Product Type,Body Material,Trim Material,Seat/Elastomer material,NACE (Y/N),Fireproof (Y/N),API (Y/N),ASME (Y/N),Operation,Mfr Model Number,Vendor Material Number,Perforation Size,Orifice Diameter,Horsepower,RPM,Phase,Voltage,Hertz,Class 1 Division,NEMA,Specific Gravity, Pressure,Flow Rate,Temperature,Other
01 - PUMPS,PUMPS,VIKING GB-41445,"Viking Pump model GB-41445 ductile iron spur gear pump with a single component mechanical seal with carbon/silicon carbide faces and FKM elastomers, no internal relief valve, and 3"" SAE J518 Code 61 ports with SAE to weld neck flange adapters included.  Pump is driven by a 100hp, 1,775 rpm, inverter duty Class 1, Div 2, Group D electric motor (230/460V/3ph/60Hz).  Pump and motor will be mounted on a painted steel baseplate , spacer coupling and non-sparking coupling guard included.  Reference the technical data packet for flow, pressure, and NPSHr details.  Pump is designed for 200psi maximum inlet pressure.  CW pump rotation.",VIKING PUMP,3,,,,,VIKING PUMP,WN,,Gear,,,FKM,,,,,,,GB-41445,,,100,1775,3,460,60,Y,,,,,,Clockwise
,,6X4-17 CHARGE PUMP,"Griswald 811XL 6x4-17, ductile iron pumps w/ 15.89” impeller & single cartridge seal. Driven by a 40HP, 1200RPM, 3PH, TEFC, Teco-Westinghouse motor. Mounted on steel channel base and complete w/ 5PC spacer coupling and approved guard Also includes 316SS Volute",ODESSA PUMPS,,,,,,Griswald,,,Centrifugal,,,,,,,,,,811XL 6x4-17,,,40,1200,3,,,,,,,,,
,,GOULDS 3196,"Pump: Goulds 3196 ANSI 1.5x3-13 MTi, Ductile  Iron Impeller: 9.9375"" Seal: AES Single Cartridge seal Motor: Toshiba 50hp 3600RPM TEFC Coupling: TB Woods Guard: Barrel Style Skid Mounted on 18 x 58 Channel Steel Pioneer 23285-01 thru 23285-22",ZONE INDUST,,,,,,Goulds,,,Centrifugal,,,,,,,,,,3196 1.5x3-13,,,50,3600,,,,,,,,,,
,,GOULDS CHARGE PUMP,"1.5X3-13 MTI GOULDS UNIT CONSISTING OF THE FOLLOWING COMPONENTS 1.5X3-13 MTI DI/DI ANSI PUMP 10.625"" IMPELLER PATENTED TAPER BORE BOX IALERT 2 CONDITION MONITOR 5-YEAR WARRANTY 316SS/AFLAS CARTRIDGE SEAL 7.5HP-1800-3-TEFC PREMIUM EFFY ELECTRIC MOTOR. STEEL ANSI BASE 5-PIECE SPACER COUPLING OSHA APPROVED GUARD. CHARGE PUMP CRUDE OIL, .82 SG 5883 BPD @ 30 PSI 172 GPM @ 85 TDH MARATHON 20120-01, 20119-01 and 20121-01",KNIGHTEN MAC,,,,,,Goulds,,,Centrifugal,,,,,,,,,,1.5x3-13,,,7.5,1800,3,,,,,0.82,30,5883 BPD,,
,,NOV PLUNGER PUMP,"14,700BPD@ 1,200PSI .80SG OIL 120°F@ 335RPM NOV 415Q-5L QUINTUPLEX PLUNGER PUMP WITH ALUMINUM BRONZE FLUID END, 3.875"" STEEL PLUNGERS, KEVLAR SPRING LOADED PLUNGER PACKING, SUCTION & DISCHARGE AR VALVES DRIVEN BY A WEG 400HP 1200RPM 3PH TEFC ELECTRIC MOTOR WITH BEARING & WINFDING RTD'S, 120V SPACE HEATER, & MOTOR VIBRATION  ST5484E-121-0020-00 ALL MOUNTED ON A OILFIELD TYPE SKID WITH 8V BELT DRIVE SYSTEM OSHA APPROVED BELT GUARD, MURPHY VIBRATION SWITCH, HIGH/LOW OIL LEVEL KILLS AND ALL NECESSARY SAFETY SWITCHES.",STEALTH PUMP,3.875,,,,,NOV,,,Plunger,,,,,,,,,,415Q-5L,,,400,1200,3,,,,,0.09,"1,200","14,700 BPD",120,
,,DXP PWA H-PUMP,"PUMPWORKS HP PLUS 675-9000  I. PumpWorks HP PLUS 675-9000, 21 Stages • Carbon Steel Housing; Total length 10.90 ft • Nitronic-50 Shaft • Ni-Resist Diffusers and Impellers • Stainless Steel Head and Base with Tungsten Carbide Bearings • 4in 600# RF; SS Discharge Adaptor II. Coupling • Non-Lubricated Flexible Disc Coupling w/ 7” Spacer & non-sparking guard III. Thrust Chamber • Non-Back pullout, Oil Lubricated, 8000# Thrust Chamber • 4in 150# RF; SS Intake Adaptor • Single Component Seal for Crude Oil Service IV. Motor • 200 HP; 3600 RPM; 447TS Frame; 219 FLA @ 460V; 3 PH; TEFC; NEMA Premium Efficient Class 1 Div II. V. Skid Details • Estimated Size: 20’ L X 40” W Base Plate; Structural Steel with Adjustable Pump Supports; Adjustable Motor Alignment Positioning Screws; Base to Accommodate Next Frame Size Larger Motor; Drip Rim Containment at Discharge Flange Area and Mechanical Seal Area • Enamel Paint System on Pump and Base; Manufacturer’s Standard on Other Equipment VI. Safety Switches Murphy Explosion Proof Oil Level EL150EX & Vibration VS-2EX Switches. Marathon 23991-01, 23992-01 & 23993-01",DXP ENTERPRI,4,,,600,,PUMPWORKS,RF,,Multi-stage Centrifugal,,,,,,,,,,HP Plus 675-9000,,,200,3600,3,460,,Y,,,,,,
02 - METERS,METERS,02-34425,"3"" 150# Micro Motion CMF300M355N2BAEZZZ CMF300M Micro Motion Elite Coriolis Meter, 3 inch (dn80), 316l Stainless Steel 355 Process Connections : 3-inch CL150 ASME B16.5 F316/F316L Weld neck flange Raised face N Case Options : Standard pressure containment 2 Electronics Interface : 4-wire polyurethane-painted aluminum integral enhanced core processor for remote mount transmitters B Conduit Connections : 1/2-inch NPT - no gland A Approvals : CSA (US and Canada): Class I, Div 1 E Language : English installation manual Z Calibration Options : 0.10% mass flow and 0.0005 g/cc density calibration Z Measurement Application Software : No measurement application software Z Factory Options : Standard product",EMERSON PROC,3,,,150,,MICRO MOTION,RF,,Coriolis,,,,,,,,,,CMF300M355N2BAEZZZ,,,,,,,,,,,,,,
,,02-32000,"Endress Hauser 3"" 150# Promass F 300, 8F3B80, DN80 3""  8F3B80-1LEL9/0 (8F3B80-CSIMADDGADSAAASKA2+EBEJ)",VECTOR,3,,,150,,ENDRESS + HA,,,Coriolis,,,,,,,,,,8F3B80-CSIMADDGADSAAASKA2+EBEJ,,,,,,,,,,,,,,
,,"3"" 150# ORIFICE PLATE","3” 150# PADDLE TYPE ORIFICE PLATE, 304SS, 1/8” THICK MATERIAL WITH A SQUARE EDGE .75 bore diameter. Medallion 22027-01 thru 22041-01","EGGELHOF, IN",3,,,150,,,,,Orifice,,,,,,,,,,,,0.75,,,,,,,,,,,,
,,"EMERSON 3"" 150# TURBINE","3"" Emerson Daniels TM150301AAF11B1B1A1AAC1J12AZHS Turbine Meters. SafeRack 21506 & 21507",EMERSON PROC,3,,,150,,Daniels,,,Turbine,,,,,,,,,,TM150301AAF11B1B1A1AAC1J12AZHS,,,,,,,,,,,,,,
03 - STRAINR,STRAINER,03-63175,"6""-150#-Titan-Measurement Strainer BS85CS-6 - 1/8""P Carbon Steel with 1/8"" Stainless Steel Perf Basket","EGGELHOF, IN",6,,,150,,Titan,,,Strainer,,Stainless,,,,,,,,BS85CS-6,"1/8""",,,,,,,,,,,,,
04 - BS&W,BS&W,04-30000,"3""-150#-Invalco-BS&W Probe CX-645-300-BFP MFG PN: 81001196",FMC TECHNOLO,3,,,150,,Invalco,,,BS&W Probe,,,,,,,,,,CX-645-300-BFP,,,,,,,,,,,,,,
,,04-45000,"4""-150#-Drexelbrook-BS&W Probe UC01010000S14BXXXX/700-123010404015 | Water Cut Monitor Integral Display, 4"" 150# RF Flange X 32"" Face to Face Spool Piece 316SS, SCHED 40 PIPE Stainless Steel Flanged Model",AMETEK,4,32,,150,,Drexelbrook,RF,,BS&W Probe,,,,,,,,,,UC01020020-101-B,,,,,,,,,,,,,,
,,04-30010,"3""-150#-OQ-BS&W Probe, model #OQ-3-150-F",OQ MEASUREME,3,,,150,,OQ,,,BS&W Probe,,,,,,,,,,OQ-3-150-F,,,,,,,,,,,,,,
05 - AIR ELI,AIR ELIMINATOR,05-10100,"Armstrong 3/4""x1/2"" Air Eliminator Model 11AV 500 PSI @ 100F, 34.4 BAR @ 38C, PMO 311PSI, Minimum S.G. 311 PSI D501965",HATFIELD AND,"3/4""",,,,,Armstrong,,,Air Eliminator,,,,,,,,,,100987,,,,,,,,,,,500,,100,
,,05-10175,"Watson 3/4""x1/2""-400# Air Eliminator Model AE1811 (Orifice .078)","EGGELHOF, IN","3/4""",,,,,Watson,,,Air Eliminator,,,,,,,,,,AE1811,,0.78,,,,,,,,,,,,
06 - MIXERS,MIXER,06-44000,"4""-150#-KAM-Static Mixer Plate",KAM CONTROLS,4,,,150,,KAM,,,Static Mixer Plate,,,,,,,,,,,,,,,,,,,,,,,,
,,06-30000,"3""-150#-SCS-Static Mixer",ULTIMATE WEL,3,,,150,,SCS,,,Static Mixer,,,,,,,,,,,,,,,,,,,,,,,,
,,KOFLO STATIC MIXER,"4-40-1-3.2V-19 - 4"" Schedule 40 (0.237"" Wall) Carbon Steel Static Mixer - 3 Fixed Low Pressure Loss Design Carbon Steel Mixing Elements and a Flow Straightening Vane - Class 150 Raised Face Weld Neck Flanged Ends Length: 34"" Attached Drawing: KD-1034 Pressure Loss: 4.57 psi @ 14,700 BPD",KOFLO CORPOR,4,34,,150,40,KOFLO,RF,,Static Mixer,,,,,,,,,,,,,,,,,,,,,,"14,700 BPD",,
07 - DIVERTS,DIVERTS,07-31555,"3"" 150# Hatfield 3""S7315F/X5000-PS120-EPB | ASSEMBLY 3"" 150# RF FLANGE CS X SS 3 WAY T PORT DIVERT VLV ASSEMBLED AND TESTED TO 120VAC ON-OFF FAIL CLOSE LEFT ENTRY EXPLOSION PROOF ACTUATOR WITH SUPER CAP Stores Number: 3""S7315F/X5000-PS120",HATFIELD AND,3,,,140,,Hatfield,,,Divert,,,,,,,,Actuator,,S7315F/X5000-PS120,,,,,,,,,,,,,,
,,07-33300,"3""-150#-ASCO-Divert Pathway Controls 3"" 150# flanged divert valve assembly with Asco actuator, Davis & Davis adaption and TFE packing gland. Divert thru the bottom port, for pressures to 120 psig.  304-337- 12E1/H31A1121B21C2F1F",DAVIS & DAVI,3,,,150,,ASCO,,,Divert,,,,,,,,Actuator,,304-337- 12E1/H31A1121B21C2F1F,,,,,,,,,,,120,,,
08 - DB & B,DB&B,08-30300,"3"" ANSI 150# Franklin DuraSeal Valve, Fig.#D711. Viton slip seals & trim, A216 WCB Body with Chrome ID, A350 LF2 Plug with ENP, A350 LF2 Bonnet and Lower Plate, A536 DI Slips, Raised Face Flanged End, 100 Handwheel Operator & DTR Assembly.",FRANKLIN VAL,3,,,150,,Franklin,RF,,Double Block & Bleed,A216,,Viton,,,,,Handwheel,,D711,,,,,,,,,,,,,,
,,08-32150,"3"" 150# RF FIG. 271 DAN-EX 0311KK-AC1-N REDUCED PORT PLUG VALVE, STD. MATERIALS OF CONSTRUCTION, NACE SPEC MR-0175, SLIP/TRIM: VITON/VITON, HANDWHEEL OPERATED, FACTORY WHITE COATING, FACTORY NEW WITH HYDROSTATIC, TEST CERTIFICATE PER API 6D, ORIENTATION 11, STANDARD DTR SYSTEM",MIDSTREAM VA,3,,,150,,Dan-ex,,,Plug,,,Viton,Y,,,,Handwheel,,0311KK-AC1-N ,,,,,,,,,,,,,,
09 - BP VALV,BACK PRESSURE VALVE,09-30000,"3""-150#-Pathway-B.P. Valve (20-145 psig) Piston Operated MFG PN 550-332-14B1",DAVIS & DAVI,3,,,150,,Pathway,,,Back Pressure,,,,,,,,Piston,,550-332-14B1,,,,,,,,,,,145,,,
,,09-33000,"3""-150#-Invalco-B.P. Valve  80006245-6248 RDFG-301-510 (all spring range)",FMC TECHNOLO,3,,,150,,Invalco,,,Back Pressure,,,,,,,,,,80006245-6248 RDFG-301-510,,,,,,,,,,,,,,
,,09-16500,"Mercer 1"" x 1"" Relief Valve ""Sour Liquid Trim"" set @ 1000#'s","UP&S, INC",1,,,1000,,Mercer,,,Relief Valve,,,,,,,,,,,,,,,,,,,,,1000,,,
,,09-17000,"Taylor 8200 Liquid Series Relief Valve, 825E8251342- 1480 - E Orifice, 3/4“ MNPT x 1” FNPT, Carbon Steel Body, Nace, Teflon Seat, Viton O-Rings, 1101-1500 PSI Spring Range, Certified For Liquid, Set At 1480 PS, 271 GPM Stamped Capacity, Conventional Type (10% Of Set Pressure As Max Allowable Back Pressure) Taylor Valve Material Test Report Taylor Valve Technology Test Report States What The Valve Is Set At And Popped At While Being Tested At Taylor’s Facility, One Certificate Needed Per Valve",SLATER CONTR,"3/4""",,,,,Taylor,NPT,,Relief Valve,Carbon Steel,,Viton,Y,,,,,,,,,,,,,,,,,1500,271 GPM,,
,,09-10005,#10 Buna Diaphragm (50108612) MFG PN 4901003230,ENERGY SALES,,,,,,Buna,,,Diaphragm,,,,,,,,,,4901003230,,,,,,,,,,,,,,
10 - VALVES,VALVES,10-00010,WTV 1 IN FLOATING BALL VALVE 3000# FNPT A105 BODY SS 316 TRIM NYLON SEAT W/ LOCKING HANDLE B01T30SR,NULL,1 IN,,,3000#,,WTV,FNPT,,Floating/Floater Ball,A105,SS 316,Nylon,Y,,NULL,,,,B01T30SR,,,,,,,,,,,,,,
,,10-00080,WTV 3/4 IN FLOATING BALL VALVE 3000# FNPT A105 BODY SS 316 TRIM NYLON SEAT W/ LOCKING HANDLE B34T30SF,NULL,3/4 IN,,,3000#,,WTV,FNPT,,Floating/Floater Ball,A105,SS 316,Nylon,Y,,NULL,,,,B34T30SF,,,,,,,,,,,,,,
,,10-00045,WTV 1/2 IN FLOATING BALL VALVE 3000# FNPT A105 BODY SS 316 TRIM NYLON SEAT W/ LOCKING HANDLE B12T30SR,NULL,1/2 IN,,,3000#,,WTV,FNPT,,Floating/Floater Ball,A105,SS 316,Nylon,Y,,NULL,,,,B12T30SR,,,,,,,,,,,,,,
,,10-00035,WTV 1/4 IN FLOATING BALL VALVE 3000# FNPT A105 BODY SS 316 TRIM NYLON SEAT W/ LOCKING HANDLE B14T30SF,NULL,1/4 IN,,,3000#,,WTV,FNPT,,Floating/Floater Ball,A105,SS 316,Nylon,Y,,NULL,,,,B14T30SF,,,,,,,,,,,,,,
,,10-27035,2 IN 600# Neway RF FP Trunnion Ball Valve A105 Body ENP Trim RPTFE NACE API-6D Gear Operated.,Neway,2,,,600,,Neway,RF,,Trunnion Ball,A105,ENP,RPTFE,Y,,Y,,,,17333,,,,,,,,,,,,,,
,,10-46300,4 IN 600# Neway RF Swing Check Valve WCB Trim 8.,NULL,4,,,600,,Neway,RF,,Swing Check,WCB,WCB,NULL,Y,,NULL,,,,4SN6RA8,,,,,,,,,,,,,,
,,10-00100,"1""-NPT-Balon-1"" RFSE 3,000# WP Steel Ball Valve w/ NACE Trim.  MFG PN: 1R-F03N-SE",MCCARTY EQUI,1,,,3000,,Balon,NPT,RFSE,Ball Valve,Steel,,,Y,,,,,,1R-F03N-SE,,,,,,,,,,,,,,
,,10-27225,"2"" 600# WHEATLEY CS F.E. CHECK VALVE NACE TRIM MFG PN #510-025144-121 (2890W)",CITY PIPE,2,,,600,,Wheatley,,,Check Valve,CS,,,Y,,,,,,510-025144-121 (2890W),,,,,,,,,,,,,,
,,10-27080,"2"" 600# Warren model 6605FS-26MHGRL6D floater ball valve RF FP BV CS/SS LO with handle.",WHITCO SUPPL,2,,,600,,Warren,RF,,Ball Valve,CS,,,,Y,,,Handle,,,,,,,,,,,,,,,,
11 - SAMPLE,SAMPLE,11-40000,SCS-8 Volume Regulator with Viton Diaphragm. 0-150 psi. Material: 6061 Aluminum with 18-8 SS Screws,MIDCO MACHIN,8,,,,,SCS,,,Volume Regulator,,,,,,,,,,,,,,,,,,,,,150,,,
,,11-50000,"Parker 3-WAY 1/4"" VALVE, SOLENOID 24 VDC 180psi MFG PN 71335SN2ENJ1N0H111C2",CAMERON MEAS,"1/4""",,,,,Parker,,,3-way Valve,,,,,,,,Solenoid,,71335SN2ENJ1N0H111C2,,,,,,24,,,,,180,,,
,,11-30040,"Price 1-1/4"" x 1"" CD100AI-400-6A111Y-75-36-1X6 All iron pump end, 4.00” impeller trim T.6A buna/carbon washer/ceramic seat mechanical seal Baldor Motor P/N 1434BA: ¾ HP 3600 RPM 1 Ph 60 Hz XP 56C 115/230v 9.8/4.9 FLA 1.00 B Division I, Class I, Group D, Class II, Group F&G FTLS, 416SS shaft",PRICE PUMP,"1-1/4""",,,,,Price,,,Sample Pump,,,,,,,,,,CD100AI-400-6A111Y-75-36-1X6,,,3/4,3600,1,230,60,,,,,,,
,,11-20025,"1/2""X1/4"" U4.0"", 304SS, .385 BORE SAMPLE PROBE SP3040804U40",SPECIALTY EQ,4,,,,,,,,Sample Probe,,,,,,,,,,SP3040804U40,,,,,,,,,,,,,,
12 - T. AVGR,TEMPERATURE AVERAGER,12-00010,TA-1000 PLUS 1 Channel Temp Averager CAMERON 50275434 TA-1000+ WP 1 CH 2 AI / AO COMP VOL/NET PULSE OUTPUT MBS,CAMERON MEAS,,,,,,Cameron,,,Temperature Averager,,,,,,,,,,50275434 TA-1000,,,,,,,,,,,,,,
13 - TRANSMR,TRANSMITTER,13-75125,"AWC OLIVER VALVE REMOTE MOUNTING 2 VALVE MANIFOLD MANIFOLD TYPE:G12MF MATERIAL:316 STAINLESS STEEL STANDARD VALVE SIZE: 1/2""RATING:6,000 PSI IN PORT NPT: 1/2"" MALE OUT PORT NPT: 1/2"" FEMALE VENT NPT: 1/4"" FEMALE NA: NACE MR-01-75","AWC, INC","1/2""",,,,,Oliver,MNPT,FNPT,Valve Manifold,316,,,Y,,,,,,G12MF,,,,,,,,,,,6000,,,
,,13-70000,"RTD - L/M; RTD, 100 OHM, 4W, 0.00385, 24"" CWSPT1424 AL Can of Worms - Ten per Can",VECTOR,,"24""",,,,,,,RTD,,,,,,,,,,CWSPT1424,,,,,,,,,,,,,,
,,13-00030,"0-30 PSI Pressure Gauge, Liquid Filled, 2.5"" Face, 316SS Case with BR/BRZ Internals, 1/4"" Low Mount. OCI Industrial Gauge MFG PN: 3034L30L",SPECIALTY EQ,"1/4""",,,,,OCI,,,Pressure Gauge,,,,,,,,,,3034L30L,,,,,,,,,,,30,,,
,,13-10035,Rosemount 3051 0-4000 psi Pressure Transmitter 3051TG4A2B21AB4E5M5,EMERSON PROC,,,,,,Rosemount,,,Pressure Transmitter,,,,,,,,,30510,3051TG4A2B21AB4E5M5,,,,,,,,,,,4000,,,
,,13-00325,"Hose, PIT 3/8"" x 36"" Coreflex SS-XC6TA6TA6-36-CS Swagelok 3/8"" XC Series Hose w/ 3/8"" Tube Stubs",SWAGELOK WES,"3/8""",36,,,,Coreflex,,,Hose,,,,,,,,,,SS-XC6TA6TA6-36-CS,,,,,,,,,,,,,,
,,13-20005,"Rosemount 3144P Temperature Transmitter 3144PD1A1E5M5. 3144P Rosemount 3144P Temperature Transmitter D1 Housing Style | Material | Conduit Entry Size: Field Mount, Dual- Compartment Housing | Aluminum | ½-14 NPT A Transmitter Output: 4-20 mA with digital signal based on HART protocol 1 Measurement Configuration: Single Sensor E5 Product Certifications: FM Explosionproof, Dust Ignition-Proof and nonincendive approval M5 Display: LCD Display",EMERSON PROC,"1/2""",,,,,Rosemount,NPT,,Temperature Transmitter,,,,,,,,,3144P, 3144PD1A1E5M5,,,,,,,,,,,,,,
,,13-90000,"Yokogawa DPharp Digitial Direct Mount Pressure Transmitter. Range 0-15 PSI MFG PN: EJA530E-JAS7N-012EL/FUI/D1 * 2 Wire, 24 VDC Loop Powered * Standard CE Mark * SIL II Certified -J= 4-20 mADC Output w/ HART 5/7 Protocol D= 0-720 To 0-7200 PSI Min/Max Span S= Hastelloy C Diaphragm/316SS Flanges 7= 0.5"" MNPT Process Connection 1= Cast-aluminum Alloy Amp Housing 2= 1/2"" FNPT Electrical Conn./2 Ports E= W/LCD Digital Indicator w/Range Switch L= 316SS 2"" Pipe Mount Bracket FU1= Combined /FF1 and /FS1 D1= Unit of MWP on DP expressed in psi",GK TECHSTAR,".5""",,,,,Yokogawa,NPT,,Pressure Transmitter,Aluminum,,,,,,,,,EJA530E-JAS7N-012EL/FUI/D1,,,,,,24,,,,,7200,,,
14 - FITTING,FITTING,14-00480,"5/8""X3 3/4"" BLACK BOLTS",CITY PIPE,"5/8""",3 3/4,,,,,,,Black Bolt,,,,,,,,,,,,,,,,,,,,,,,,
,,14-10016,"1"" SCH 160 PIPE",CITY PIPE,1,,,,160,,,,Pipe,,,,,,,,,,,,,,,,,,,,,,,,
,,14-50100,"5/8"" GRADE 8 FLAT WASHERS",CITY PIPE,"5/8""",,,,,,,,Flat Washer,Grade 8,,,,,,,,,,,,,,,,,,,,,,,
,,14-31500,"3"" 150# SPIRAL WOUND GASKET",MCCARTY EQUI,3,,,150,,,,,Spiral Gasket,,,,,,,,,,,,,,,,,,,,,,,,
,,14-03250,"3"" 150# RF WN STD FLANGE",INDUSTRIAL,3,,,150,,,WN,,Flange,,,,,,,,,,,,,,,,,,,,,,,,
,,14-50050,"5/8"" GRADE 8 LOCK NUTS",CITY PIPE,"5/8""",,,,,,,,Lock Nuts,Grade 8,,,,,,,,,,,,,,,,,,,,,,,
,,14-00220,"1""X1/2"" 3M/6M BUSHING A105",CITY PIPE,"1""",,,,,,,,Bushing,A105,,,,,,,,,,,,,,,,,,,,,,,
,,14-00040,"UBOLT - 4"" x 1/2"" Stock Galvanized Polyshrink Coated with Rod 4 H",CITY PIPE,"1/2""","4""",,,,,,,Ubolt,,,,,,,,,,,,,,,,,,,,,,,,
,,14-12160,"1""X2"" SCH 160 NIPPLE",CITY PIPE,1,2,,160,,,,,Nipple,,,,,,,,,,,,,,,,,,,,,,,,
,,PIPE,"200' OF 4"" SCH 80 A-106B X42 PSL2 SMLS PE PIPE .337W 15.00#",CITY PIPE,4,200',,,80,,,,Pipe,A106B,,,,,,,,,,,,,,,,,,,,,,,
15 - ELECTRI,ELECTRICAL,15-80000,"Switch, Murphy LS-200 Level. Listed for Class I, Div. 1, Grp. C & D locations.",BASIN CONTRO,,,,,,Murphy,,,Level Switch,,,,,,,,,LS-200,,,,,,,,,Div 1,,,,,,
,,15-10005,"20"" x 20"" x 8"" AWC Electrical Box Carbon Steel 7035  PN RT WM202008NC","AWC, INC",20,20,8,,,,,,Electrical Box,,,,,,,,,,WM202008NC,,,,,,,,,,,,,,
,,15-80030,"Switch, Pathway E200-11-00 High & Low Liquid Level; WP 1500 psig to 5000 psig. 2” NPT standard Process Connection. Low Specific Gravity of .4 and above. 316 Stainless Steel Construction. Hermetically Sealed Reed Switch Cartridge to protect Integrity of Switch Contacts. Normally Open or Closed operation by simply inverting Level Control unit. SPST and SPDT 250V – 0.40A resistive, 120V – 0.83A resistive, 24V – 3.0A resistive; 3.0A maximum in-rush capability; 4 watts minimum for proper switching. SPST and SPDT Light Load 150V – 0.17A resistive, 110V – 0.23A resistive, 24V – 1.0A resistive; 1.0A maximum in-rush capability; 0.1 watts minimum for switching",HATFIELD AND,2,,,,,Pathway,NPT,,High Low Level Switch,316 SS,,,,,,,,,E200-11-00,,,,,,,,,,,5000,,,
,,15-30300,"Scully Groundhog Assembly ST-47 Control Monitor w/ Lamps 115 VAC  PN 08508 F ST-47-115 EL,GNDHOG GND PROVING CONT. SafeRack 21506 & 21507",SCULLY SIGNA,,,,,,Scully,,,Groundhog Assembly,,,,,,,,,ST-47-115 EL,8508,,,,,,115,,,,,,,,
,,15-79855,"Murphy 02-20700049 VS2EX, Vibration Switch Case: Base mount, explosion-proof aluminum alloy housing; meets IP54 specifications; Class I, Division 1, Groups C & D hazardous locations Certification: CSA Canada and US Snap switches: 2-SPDT snap switches; 5A @ 480 VAC; 2A resistive, 1A inductive, up to 30 VDC Shipping Weight: 4 lb. 8 oz. (2 kg) Shipping Dimensions: 8-1/4 x 9-1/4 x 5 in. (210 x 235 x 127 mm)",BASIN CONTRO,,,,,,Murphy,,,Vibration Switch,,,,,,,,,,02-20700049 VS2EX,,,,,,,,Div 1,,,,,,
,,15-80270,"Switch, FS10A-1A301E000 Flow Switch and Monitor, Integral Configuration with Flow Direction in Tube Tee, 316SS Probe with Hastelloy C22 Thermowells, Relay Output + 4-20mA Trending Output Flow Monitor, Switch Configuration and Set up for Air or Water, 1/2"" Tube Tee Conn. EVX Order# 20283-01",SLATER CONTR,"1/2""",,,,,,,,Flow Switch,316 SS,,,,,,,,,FS10A-1A301E000,,,,,,,,,,,,,,
,,MOTOR,"MOTOR: BALDOR MODEL L5023T 1HP 1800RPM 143T SINGLE PHASE, EXPLOSION PROOF",BASIN ENGINE,,,,,,Baldor,,,Motor,,,,,,,,,L5023T,,,,1,1800,1,,,,,,,,,
,,0406SDSR41A-P,"TOSHIBA 40HP, 1200RPM, 3/60/460 Motor, 364T Frame, C1D2, 178LBFT",ZONE INDUST,,,,,,Toshiba,,,Motor,,,,,,,,,364T,178LBFT,,,40,1200,3,460,60,Div 2,,,,,,
,,VFD DRIVE,Yaskawa 50 HP HD VFD PACKAGE,DYKMAN ELEC,,,,,,Yaskawa,,,VFD,,,,,,,,,,,,,50,,,,,,,,,,,
,,VFD,"250 hp / 10 hp cooler /5hp VFD         72"" high x 60"" wide x 18"" deep         Floor  mount Type 3R Powder Coated Steel with drip shield , Fan and Filters with Rain hoods for cooling/ T stat. Main breaker with through the door operator, (1) Schneider  ATV630 Constant Torque VFD Compressor , (1)  ATV320   Variable TorqueVFD Cooler , VFD  keypads in door with cover. Condensate Pump Starter , 120v Control transformer with primary and secondary fusing,  Lightning arrestor . Terminal strip for field connections. Laminated schematics, UL508 Labeled,  Fusing for VFDs , 24VDC Power Supply , MTE Matrix Harmonic Filter included. 480v 3 phase. XTO Job# 21416, 21417, 21466 and 21467",DK CONTROLS,"18""","60""","72""",,,Schneider,,,VFD,,,,,,,,,ATV630,,,,250,,3,480,,,3R,,,,,
,,PLC PANEL,"87074- PLC VRU ALLEN BRDELY MICROLOGIX 1400 WITH RED LION GRAPHITE 10""",INSIGHT TECH,,,,,,Allen Bradley,,,PLC Panel,,,,,,,,,Micrologix,87074,,,,,,,,,,,,,,
16 - SUMP,SUMP PUMP,16-00240,2AM03 Roper Pump 3/4 x 3/4 w/ 1 HP 1800 RPM 110 V Single Phase TEFC Motor. Special skid base cut down for maximum low skid mounting.,ZONE INDUST,"3/4""",,,,,Roper,,,Sump Pump,,,,,,,,,,2AM03,,,1,1800,1,,,,,,,,,
17 - AUTOMAT,AUTOMATION,17-15080,"UT 4-MTD Feed-through terminal block, nom. voltage: 800 V, nominal current: 32 A, connection method: Screw connection, number of connections: 2, cross section: 0.14 mm² - 6 mm², AWG: 26 - 10, width: 6.2 mm, color: gray, mounting type: NS 35/7,5 Part # PX 3046184","AWC, INC",6.2mm,,,,,,,,Terminal Block,,,,,,,,,NS 35/7,PX 3046184,,,,,,800,,,,,,,,
,,17-15030,"DUCT COVER, (2” cover, 6’ long) – Box Qty 120’ (20, 6 foot Pieces) Priced per Foot (For use with 17-15020) Part #: EM C2LG6","AWC, INC","2""",6',,,,,,,Duct Cover,,,,,,,,,,EM C2LG6,,,,,,,,,,,,,,
18 - SKIDS,SKIDS,UW SKID FAB,Fabricate 7' x 21' LACT Skid. Medallion 22027-01 thru 22041-01,ULTIMATE WEL,7,21,,,,Ultimate Welding,,,Skid,,,,,,,,,Medallion,22027-01,,,,,,,,,,,,,,
,,U.W. SKID FAB,"Skid Fabrication 8' x 16'-6"". Medallion 6"" x 4"" SS LACT",ULTIMATE WEL,8,"16'-6""",,,,Ultimate Welding,,,Skid,,,,,,,,,Medallion,,,,,,,,,,,,,,,
,,TEINERT SKID STEEL,"Skid Steel Material 8' x 16'-6"". Medallion",TEINERT META,8,"16'-6""",,,,Teinert,,,Skid Steel,,,,,,,,,Medallion,,,,,,,,,,,,,,,
,,TEINERT SKID,Teinert Quote 820202101 Medallion Skid Material. Medallion 22027-01 thru 22041-01,TEINERT META,,,,,,Teinert,,,Skid Steel,,,,,,,,,Medallion,22027-01,,,,,,,,,,,,,,
19 - EL FITT,ELECTRICAL FITTING,19-16100,VNTC 16/1PR POS 16AWG 1R 600V  WIRE VNTC 16/1PR POS 16 AWG 1 PAIR SHLD 600V CUT LENGTH (16-SINGLE PAIR),SUMMIT,16 AWG,,,,,,,,Wire,,,,,,,,,,,,,,,,,,,,,,,,
,,19-30255,B22-120 GLV  STRUT B22PG-10FT SOLID STRUT 1-5/8 X 1-5/8,SUMMIT,"1-5/8""",10,,,,,,,Strut,,,,,,,,,GLV,B22-120,,,,,,,,,,,,,,
,,19-30245,2-IN-GALV-STEEL CONDUIT 2 INCH RIGID GALVANIZED,SUMMIT,2,,,,,,,,Conduit,Galvanize Steel,,,,,,,,,,,,,,,,,,,,,,,
20 - SS FITT,STAINLESS STEEL FITTING,20-10500,"1/2"" OD X .035 X .035"" WALL 316SS SEAMLESS TUBING SMLS31608035",SPECIALTY EQ,"1/2""",,,,0.035,,,,Tubing,316SS,,,,,,,,,SMLS31608035,,,,,,,,,,,,,,
,,"20-1/2"" .065 XW TUBING","1/2"" .065 WALL SS TUBING  SMLS31608065 1/2"" OD X .065"" WALL 316SS SEAMLESS TUBING Medallion 23488-01 thru 23494-01",SPECIALTY EQ,1/'2,,,,0.065,,,,Electrical,316SS,,,,,,,,,SMLS31608065,,,,,,,,,,,,,,
,,20-10150,"1/2""T x 1/2"" male NPT elbow 316ss dual ferrule TYLOK tube fitting SS8DME8 TYLOK",SPECIALTY EQ,"1/2""",,,,,,NPT,,Tubing Elbow,,,,,,,,,TYLOK,SS8DME8,,,,,,,,,,,,,,
,,20-10380,"1/2"" OD TUBE, 316ss, Single Line clamp TCS8SS TYLOK",SPECIALTY EQ,"1/2""",,,,,,,,Single Line Clamp,316SS,,,,,,,,TYLOK,TCS8SS,,,,,,,,,,,,,,
,,20-10310,"1/4"" Hex Nipple, 316ss Instrumentation Fitting SSIP04X00HX TYLOK",SPECIALTY EQ,"1/4""",,,,,,,,Instrumentation Fitting,316SS,,,,,,,,TYLOK,SSIP04X00HX,,,,,,,,,,,,,,
,,20-10160,"1/2""T x 1/2"" Male NPT Straight connector 316ss dual ferrule TYLOK tube fitting  SS8DMC8 TYLOK",SPECIALTY EQ,"1/2""",,,,,,NPT,,Straight Connector,316SS,,,,,,,,TYLOK,SS8DMC8,,,,,,,,,,,,,,
21 - TUR MTR,TURBINE METER,21-10600,"ASSEMBLY, FLOWMETER, 3INCH, VICTAULIC GROOVED,STD. MFG PN: 9A-100005092 Turbine Liquid NuFlo",CAMERON,3,,,,,Nuflo,,,Turbine,,,,,,,,,,9A-100005092,,,,,,,,,,,,,,
,,"EMERSON 3"" 150# TURBINE","3"" Emerson Daniels TM150301AAF11B1B1A1AAC1J12AZHS Turbine Meters. SafeRack 21506 & 21507",EMERSON PROC,3,,,150,,Daniels,,,Turbine,,,,,,,,,,TM150301AAF11B1B1A1AAC1J12AZHS,,,,,,,,,,,,,,
22 - CONDEN,CONDENSOR,22-35000,Donaldson Filter Element. MFG PN P165659,HI PLAINS,,,,,,Donaldson,,,Filter Element,,,,,,,,,,P165659,,,,,,,,,,,,,,
23 - VESSELS,VESSELS,29-35100,"Scrubber 30"" O.D. X 80"" S/S Vert. ASME Code 80 PSI, 0/250F, 1/16""CA VORTEX BREAKER, INLET DIVERT LIFT LUGS, INLET 10"" 150# RFWN, OUTLET 10"" 150# RFWN, BYPASS 6"" 150# RFWN, DRAIN 1"" 3K F/CPLG, PSV 2"" 150# RFWN, (2) LEVEL GAUGE 1/2"" 3K F/CPLG, LEVEL SWITCH 2""  K H/CPLG, LEVEL CONTROL SWITCH 2"" 3K H/CPLG, SPARE 1"" 3K F/CPLG, TEMPERATURE INDICATOR",SEVILLE INDU,"30""",,"80""",150#,,Seville,,,Scrubber Vessel,,,,,,,Y,,,,,,,,,,,,,,80,,250F,
,,SUCTION SCRUBBER,"ASME code 20"" Vertical Scrubber x 70"" seam to seam,RT1,and PWHT built as per finalized drawing",CEBALLOS FAB,"20""",,"70""",,,Ceballos,,,Scrubber Vessel,,,,,,,,,,,,,,,,,,,,,,,,PWHT
,,GAS OIL SEPORATOR,"20"" OD x 70"" Sm/Sm x 214 psig vertical gas oil separator, carbon steel construction, with modified blind flange closure with davit per your project specifications with PWHT. Similar to KMI Serials 215074.",KMI FAB,"20""",,"70""",,,,,,Separator Vessel,,,,,,,,,,215074,,,,,,,,,,,214,,,PWHT
24 - COMPRES,COMPRESSOR,24-12123,"VRU Compressor, LeROI MFG PN: HG12123H5IE o 5.0 VI o ¼"" orifice o Versatrol  o SIC-GL seal included o Standard connections o Primer only",GARDNER DENV,,,,,,LeRoi,,,Screw Compressor,,,,,,,,,,HG12123H5IE,,,,,,,,,,,,,,Versatrol
,,COMPRESSOR,LEROI HG24 COMPRESSOR  MODEL: HHG24227H5I(E)(P)X WITH VERSATROL POPPETS,GARDEN DENVE,,,,,,LeRoi,,,Screw Compressor,,,,,,,,,,HHG24227H5I,,,,,,,,,,,,,,Versatrol
,,COMPRESSOR - ROTARY VANE,"ROTARY VANE COMPRESSOR, 5"" 150# FF INLET CONNECTION, 4"" 150# FF OUTLET CONNECTION, 450-1300 RPM SPEED RANGE, 80PSIG MAWP @ 350F, CW ROTATION, 110 DEGREE PORT ANGLE, 2.625"" DRIVE SHAFT DIAMETER, SINGLE FACE SHAFT SEAL, VITON HEAD GASKET, VITON O-RINGS, FACTORY PRIME COATING, FABRICATION DATA, TEST REPORTS, IOM REQUIRED.",RO-FLO COMPR,"5""",,,150,,RoFlo,FF,,Vane Compressor,,,Viton,,,,,,,,,,,450-1300,,,,,,,80PSIG,,,CW
28 - PAINT,PAINT,SKID PAINT,HSPOLYGL EXWHT 5G MEDALLION TAN PAINT,THE SHERWIN,,,,,,,,,Paint,,,,,,,,,Medallion Tan,EXWHT 5G,,,,,,,,,,,,,,
